id,first_name,last_name,email,gender,ip_address
1,Kai,Kennea,kkennea0@a8.net,Genderfluid,67.174.43.137
2,Karil,Lightbowne,klightbowne1@wp.com,Genderfluid,212.198.170.253
3,Kaja,Rollinson,krollinson2@amazon.com,Genderqueer,136.212.108.3
4,Vladamir,Covotti,vcovotti3@nbcnews.com,Female,234.228.142.114
5,Bobbette,Gilstin,bgilstin4@weibo.com,Polygender,88.73.148.4
6,Keith,Yell,kyell5@illinois.edu,Polygender,114.233.165.252
7,Tobe,Kingsnoad,tkingsnoad6@google.com.hk,Female,199.65.137.9
8,Peta,Marle,pmarle7@hibu.com,Female,253.65.99.108
9,Olav,Kirkebye,okirkebye8@ucsd.edu,Genderqueer,156.26.70.252
10,Barbee,Mardy,bmardy9@xrea.com,Polygender,130.141.239.207
11,Janis,Jaycock,jjaycocka@devhub.com,Bigender,18.87.183.91
12,Bree,Botha,bbothab@example.com,Non-binary,86.29.46.48
13,Markos,Jack,mjackc@de.vu,Polygender,34.219.218.47
14,Killie,Praundl,kpraundld@ocn.ne.jp,Polygender,9.111.167.255
15,Kirstin,McCaughey,kmccaugheye@prlog.org,Male,55.158.79.59
16,Izzy,Branno,ibrannof@rediff.com,Female,59.124.69.99
17,Erny,Ogger,eoggerg@google.com.au,Bigender,160.130.236.167
18,Jade,Gitthouse,jgitthouseh@amazon.de,Polygender,69.215.59.177
19,Loy,Gunstone,lgunstonei@examiner.com,Non-binary,117.234.21.88
20,Pascal,McEntagart,pmcentagartj@simplemachines.org,Agender,82.224.134.234
21,Angel,Martins,amartinsk@shinystat.com,Male,135.254.0.225
22,Bee,Jaggi,bjaggil@cloudflare.com,Female,73.99.142.106
23,Frans,Scrimshire,fscrimshirem@imgur.com,Genderfluid,249.66.9.206
24,Eamon,Markel,emarkeln@paginegialle.it,Genderqueer,121.106.139.99
25,Kain,Bastard,kbastardo@google.pl,Bigender,94.77.7.251
26,Kati,Lidgertwood,klidgertwoodp@prlog.org,Female,245.130.108.108
27,Gipsy,Kermath,gkermathq@privacy.gov.au,Genderfluid,79.68.218.108
28,Lynnett,Bosnell,lbosnellr@nih.gov,Bigender,224.13.122.163
29,Judy,Kindred,jkindreds@thetimes.co.uk,Bigender,4.239.230.192
30,Christen,Soan,csoant@mac.com,Agender,184.17.83.133
31,Kenon,Anstead,kansteadu@wisc.edu,Agender,78.30.72.141
32,Norry,Sanchez,nsanchezv@ebay.co.uk,Female,18.135.152.172
33,Dianemarie,Keune,dkeunew@xrea.com,Female,248.215.254.105
34,Vick,Habin,vhabinx@cyberchimps.com,Genderfluid,231.191.160.180
35,Darleen,Clelle,dclelley@printfriendly.com,Polygender,155.65.241.211
36,Rodina,Derrell,rderrellz@ustream.tv,Polygender,105.207.150.185
37,Merci,Dreghorn,mdreghorn10@wisc.edu,Male,40.65.74.232
38,Jo ann,Crowder,jcrowder11@51.la,Male,63.222.117.218
39,Hillel,Medlicott,hmedlicott12@ow.ly,Agender,49.23.186.59
40,Fitzgerald,Birden,fbirden13@wikimedia.org,Agender,249.18.182.97
41,Claudia,Forsdyke,cforsdyke14@twitpic.com,Bigender,210.253.123.27
42,Jamil,Martinho,jmartinho15@loc.gov,Agender,59.15.30.91
43,Derrick,Sweetnam,dsweetnam16@people.com.cn,Bigender,2.8.135.140
44,Randy,Bispham,rbispham17@seattletimes.com,Agender,125.100.96.254
45,Lamar,Hutt,lhutt18@vk.com,Genderqueer,245.40.89.168
46,Gertrude,Ilyuchyov,gilyuchyov19@hud.gov,Bigender,27.129.16.159
47,Carroll,Perrelli,cperrelli1a@netvibes.com,Bigender,134.126.86.177
48,Angelle,Creed,acreed1b@mtv.com,Non-binary,254.23.102.126
49,Calv,Welman,cwelman1c@cam.ac.uk,Polygender,163.82.157.147
50,Myranda,Maddin,mmaddin1d@reference.com,Male,99.83.25.134
51,Ilaire,Mulqueen,imulqueen1e@virginia.edu,Genderqueer,148.50.160.193
52,Donnie,Brakewell,dbrakewell1f@github.com,Non-binary,190.221.133.175
53,Benni,Pogosian,bpogosian1g@meetup.com,Non-binary,21.36.127.6
54,Rochell,Henrique,rhenrique1h@dagondesign.com,Genderqueer,15.227.185.16
55,Micki,Hofner,mhofner1i@vimeo.com,Bigender,75.78.247.140
56,Dollie,Odhams,dodhams1j@de.vu,Polygender,164.213.41.159
57,Gloriana,Pennells,gpennells1k@webnode.com,Bigender,24.136.56.121
58,Issy,Morten,imorten1l@mysql.com,Polygender,19.176.33.251
59,Haywood,Challin,hchallin1m@tiny.cc,Polygender,221.118.135.44
60,Karoline,Craigmyle,kcraigmyle1n@state.tx.us,Genderfluid,18.16.44.9
61,Marya,Sandaver,msandaver1o@seesaa.net,Male,189.128.245.41
62,Berny,Bovis,bbovis1p@drupal.org,Female,8.244.188.157
63,Lowrance,Phoenix,lphoenix1q@dagondesign.com,Female,186.147.232.240
64,Giff,Ecclestone,gecclestone1r@pbs.org,Agender,170.231.222.177
65,Roger,Keenlayside,rkeenlayside1s@ycombinator.com,Polygender,212.123.131.163
66,Roberta,Karby,rkarby1t@nasa.gov,Female,226.204.234.15
67,Paulie,Carnock,pcarnock1u@surveymonkey.com,Genderfluid,229.228.103.160
68,Rogerio,Kilalea,rkilalea1v@google.com,Genderqueer,240.33.224.199
69,Aldon,Brook,abrook1w@ed.gov,Female,244.214.155.239
70,Cathlene,Tomblin,ctomblin1x@squidoo.com,Male,138.216.7.234
71,Darcy,Jagg,djagg1y@webmd.com,Bigender,69.32.65.233
72,Ruben,Domney,rdomney1z@wix.com,Bigender,200.218.219.46
73,Rutger,Anglish,ranglish20@vk.com,Genderfluid,116.52.69.196
74,Bernadina,Motton,bmotton21@biglobe.ne.jp,Non-binary,109.140.78.24
75,Booth,Danielut,bdanielut22@nationalgeographic.com,Agender,108.235.85.26
76,Lammond,Bielfeld,lbielfeld23@latimes.com,Polygender,153.150.210.102
77,Janka,Watt,jwatt24@chron.com,Agender,59.227.32.43
78,Emlynn,Extance,eextance25@businessweek.com,Male,154.28.216.47
79,Torr,Odgaard,todgaard26@acquirethisname.com,Genderfluid,252.216.83.64
80,Diarmid,Iffe,diffe27@facebook.com,Male,196.100.163.117
81,Ramsay,Owttrim,rowttrim28@scribd.com,Agender,227.105.57.41
82,Ransell,Scheffler,rscheffler29@de.vu,Genderqueer,169.178.176.75
83,Shanta,Loughney,sloughney2a@usda.gov,Polygender,81.201.10.58
84,Aaren,Lantiffe,alantiffe2b@i2i.jp,Male,187.61.139.117
85,Penny,Nicolson,pnicolson2c@wikia.com,Genderfluid,249.51.243.83
86,Desdemona,Ishak,dishak2d@multiply.com,Agender,16.57.95.103
87,Jessy,Allum,jallum2e@sogou.com,Female,210.198.214.7
88,Blaire,Merredy,bmerredy2f@weebly.com,Non-binary,90.137.247.225
89,Avery,Leban,aleban2g@networksolutions.com,Female,183.169.160.153
90,Miran,Matskiv,mmatskiv2h@state.tx.us,Bigender,62.181.55.16
91,Dulci,Quilty,dquilty2i@smugmug.com,Agender,137.186.137.23
92,Howie,Aspden,haspden2j@freewebs.com,Bigender,214.33.158.62
93,Ami,Rafferty,arafferty2k@irs.gov,Genderqueer,26.144.154.83
94,Gilles,Eastman,geastman2l@wikimedia.org,Polygender,159.133.24.239
95,Salomo,Brunone,sbrunone2m@dagondesign.com,Female,2.175.149.32
96,Jordon,Dran,jdran2n@comsenz.com,Male,242.91.44.39
97,Gerrard,Rockliffe,grockliffe2o@blogs.com,Agender,68.163.148.238
98,Kristo,Aristide,karistide2p@arizona.edu,Genderqueer,246.0.142.44
99,Alanson,Rableau,arableau2q@naver.com,Genderqueer,196.77.51.150
100,Harriette,Janik,hjanik2r@gov.uk,Agender,139.239.74.89
101,Melina,Andres,mandres2s@samsung.com,Bigender,137.90.117.129
102,Catie,Humber,chumber2t@jiathis.com,Genderfluid,96.190.19.46
103,Noach,Weed,nweed2u@earthlink.net,Bigender,128.47.41.136
104,Quinn,Hugh,qhugh2v@si.edu,Agender,11.98.224.142
105,Gary,Ransome,gransome2w@discovery.com,Polygender,43.25.1.175
106,Xavier,Moxon,xmoxon2x@wikispaces.com,Polygender,255.68.217.94
107,Reggy,Rawll,rrawll2y@pcworld.com,Non-binary,97.3.108.62
108,Kerrin,Shevelin,kshevelin2z@ca.gov,Female,35.50.166.71
109,Batsheva,Limon,blimon30@t.co,Genderfluid,253.227.112.128
110,Hercules,Hawarden,hhawarden31@buzzfeed.com,Polygender,174.43.21.218
111,Cesar,Kuhn,ckuhn32@umich.edu,Non-binary,23.6.175.93
112,Constantino,Lerway,clerway33@yellowbook.com,Bigender,169.239.115.20
113,Tonie,Kyllford,tkyllford34@yelp.com,Non-binary,87.194.208.154
114,Packston,Gorke,pgorke35@dot.gov,Bigender,143.39.130.3
115,Coralie,Blore,cblore36@sbwire.com,Polygender,0.224.3.73
116,Halley,Reglar,hreglar37@instagram.com,Female,215.135.129.201
117,Petronia,Waldram,pwaldram38@bizjournals.com,Agender,203.202.151.63
118,Annemarie,Northleigh,anorthleigh39@bbc.co.uk,Bigender,170.160.95.177
119,Avictor,Pullar,apullar3a@cnet.com,Male,241.188.102.31
120,Cirillo,Deshorts,cdeshorts3b@php.net,Male,75.136.2.236
121,Enrica,Erni,eerni3c@omniture.com,Agender,33.144.220.132
122,Georgine,Daviddi,gdaviddi3d@creativecommons.org,Female,196.245.130.245
123,Clarinda,Dunthorn,cdunthorn3e@fastcompany.com,Male,92.128.221.172
124,Tasia,Choldcroft,tcholdcroft3f@alibaba.com,Genderqueer,153.69.244.44
125,Nappie,Grzeskowski,ngrzeskowski3g@zimbio.com,Polygender,193.133.55.22
126,Kaela,Albery,kalbery3h@zdnet.com,Agender,77.190.178.131
127,Luelle,Scyone,lscyone3i@merriam-webster.com,Female,198.134.16.44
128,Emelyne,D' Angelo,edangelo3j@hibu.com,Genderfluid,73.77.94.169
129,Eleanore,Scarth,escarth3k@amazon.de,Male,148.164.195.170
130,Mela,Schulz,mschulz3l@issuu.com,Genderqueer,99.87.159.82
131,Mile,Legrave,mlegrave3m@theguardian.com,Agender,148.51.240.160
132,Xylia,Friese,xfriese3n@fda.gov,Agender,212.112.3.209
133,Maxy,Skeermor,mskeermor3o@ebay.com,Non-binary,228.76.246.67
134,Tedda,Andren,tandren3p@ehow.com,Male,251.58.96.196
135,Edsel,Hultberg,ehultberg3q@unblog.fr,Non-binary,188.156.147.156
136,Dody,Baylay,dbaylay3r@phoca.cz,Non-binary,128.137.245.251
137,Vail,Muggleton,vmuggleton3s@shop-pro.jp,Non-binary,109.68.15.2
138,Albertine,Schowenburg,aschowenburg3t@nps.gov,Genderqueer,230.118.157.156
139,Isadore,Chisman,ichisman3u@typepad.com,Female,187.115.240.100
140,Heda,Bleddon,hbleddon3v@webeden.co.uk,Agender,115.43.118.237
141,Flynn,Bernade,fbernade3w@imageshack.us,Female,183.128.171.53
142,Analiese,Stiegar,astiegar3x@forbes.com,Bigender,153.172.236.86
143,Brett,Larchiere,blarchiere3y@microsoft.com,Bigender,148.114.49.77
144,Candi,Dummett,cdummett3z@home.pl,Agender,240.76.98.38
145,Lucienne,Gaylard,lgaylard40@1688.com,Polygender,84.251.29.149
146,Teador,Anger,tanger41@ezinearticles.com,Male,167.229.116.65
147,Trent,Deeth,tdeeth42@hexun.com,Bigender,195.255.125.176
148,Dominick,Aughtie,daughtie43@netscape.com,Bigender,72.19.70.65
149,Laure,Demageard,ldemageard44@virginia.edu,Genderqueer,138.109.149.168
150,Averil,Whild,awhild45@howstuffworks.com,Genderfluid,154.165.8.110
151,Portia,Spuner,pspuner46@histats.com,Polygender,37.179.114.219
152,Lorrayne,Amorine,lamorine47@forbes.com,Agender,155.202.32.206
153,Bat,McDade,bmcdade48@tiny.cc,Male,86.0.45.83
154,Raye,Boland,rboland49@hhs.gov,Non-binary,149.92.44.160
155,Elias,Jacques,ejacques4a@columbia.edu,Genderqueer,241.97.239.11
156,Kirsti,Thoday,kthoday4b@squarespace.com,Bigender,150.208.24.110
157,Basile,Abramof,babramof4c@wikia.com,Bigender,20.12.111.186
158,Elladine,De Normanville,edenormanville4d@gov.uk,Non-binary,245.206.217.46
159,Avril,Lomasny,alomasny4e@infoseek.co.jp,Polygender,172.251.90.143
160,Rutger,Barbey,rbarbey4f@google.com,Agender,76.248.159.123
161,Randie,Tarrant,rtarrant4g@ifeng.com,Polygender,218.61.139.143
162,Jarred,Seefus,jseefus4h@addtoany.com,Polygender,49.247.234.132
163,Araldo,Munson,amunson4i@bbc.co.uk,Polygender,168.65.240.145
164,Everard,Gewer,egewer4j@ameblo.jp,Genderfluid,13.254.124.237
165,Alistair,Ingolotti,aingolotti4k@jigsy.com,Agender,176.49.66.210
166,Janice,Tafani,jtafani4l@homestead.com,Male,133.54.82.215
167,Dimitry,Worlidge,dworlidge4m@loc.gov,Genderqueer,207.181.196.69
168,Janie,Cammomile,jcammomile4n@weebly.com,Male,141.45.231.4
169,Dorothea,Crammy,dcrammy4o@wired.com,Polygender,163.149.187.147
170,Dannie,Dunbabin,ddunbabin4p@google.com.au,Non-binary,8.239.3.131
171,Stacee,Meddows,smeddows4q@exblog.jp,Bigender,86.25.26.193
172,Cosimo,Quarlis,cquarlis4r@devhub.com,Male,86.105.184.193
173,Nonna,Meffin,nmeffin4s@apple.com,Male,149.1.134.91
174,Ulysses,Carrett,ucarrett4t@homestead.com,Bigender,4.140.69.15
175,Hunter,Biasini,hbiasini4u@discovery.com,Female,244.205.77.17
176,Renie,Langridge,rlangridge4v@senate.gov,Male,109.240.255.81
177,Kary,Rawlin,krawlin4w@ifeng.com,Polygender,181.72.78.254
178,Maye,Pinck,mpinck4x@amazon.co.jp,Polygender,223.228.235.144
179,Kermy,Woolston,kwoolston4y@psu.edu,Genderfluid,38.223.128.27
180,Dael,Barrowcliffe,dbarrowcliffe4z@buzzfeed.com,Female,138.93.0.95
181,Onida,Collar,ocollar50@delicious.com,Male,217.107.169.56
182,Andrej,Mycock,amycock51@mozilla.org,Male,221.192.54.8
183,Keane,Glenton,kglenton52@patch.com,Genderqueer,237.212.126.99
184,Nolly,Camelli,ncamelli53@shop-pro.jp,Genderfluid,34.103.54.202
185,Thebault,Aslen,taslen54@php.net,Polygender,187.253.160.240
186,Michal,Evesque,mevesque55@engadget.com,Agender,227.221.219.224
187,Birdie,Killcross,bkillcross56@wiley.com,Bigender,227.215.163.254
188,Annabela,Fearnside,afearnside57@yahoo.co.jp,Genderfluid,175.149.180.40
189,Cristin,Straughan,cstraughan58@xrea.com,Genderfluid,198.41.8.205
190,Devlen,Ravenshaw,dravenshaw59@sina.com.cn,Polygender,224.64.107.6
191,Carlin,Harme,charme5a@howstuffworks.com,Agender,58.253.147.151
192,Bertha,Timmens,btimmens5b@linkedin.com,Bigender,14.154.169.232
193,Rabi,Bang,rbang5c@phpbb.com,Genderfluid,254.226.242.37
194,Jermain,Masterton,jmasterton5d@tripod.com,Bigender,244.239.2.44
195,Brandais,Wanderschek,bwanderschek5e@quantcast.com,Genderqueer,170.2.41.24
196,Anson,Lenaghen,alenaghen5f@behance.net,Female,58.36.43.233
197,Lenette,Mitchinson,lmitchinson5g@tinyurl.com,Genderqueer,16.35.172.151
198,Karyl,Gheeraert,kgheeraert5h@moonfruit.com,Agender,178.99.7.123
199,Charleen,Coggin,ccoggin5i@examiner.com,Non-binary,10.193.92.173
200,Corilla,Clarricoates,cclarricoates5j@mail.ru,Bigender,28.61.224.169
201,Wenona,Hullock,whullock5k@cam.ac.uk,Male,14.227.24.146
202,Quintilla,Marke,qmarke5l@statcounter.com,Bigender,186.217.48.252
203,Courtnay,Sutterby,csutterby5m@nsw.gov.au,Agender,70.212.161.239
204,Jermain,Liston,jliston5n@cpanel.net,Non-binary,26.20.108.184
205,Gian,Larmor,glarmor5o@sitemeter.com,Bigender,163.123.232.181
206,Dermot,Cinderey,dcinderey5p@comcast.net,Agender,15.117.171.84
207,Stern,Hackleton,shackleton5q@google.es,Polygender,212.12.14.51
208,Eugenio,Hapke,ehapke5r@ezinearticles.com,Bigender,142.216.209.222
209,Smith,Bawdon,sbawdon5s@ezinearticles.com,Non-binary,214.63.116.89
210,Osborne,Cornborough,ocornborough5t@yelp.com,Non-binary,144.92.49.222
211,Klarika,Litherland,klitherland5u@arstechnica.com,Male,99.89.6.23
212,Stanly,Doddemeade,sdoddemeade5v@yandex.ru,Non-binary,232.136.96.34
213,Simona,Keerl,skeerl5w@latimes.com,Bigender,185.53.60.97
214,Jaquenette,Moberley,jmoberley5x@sphinn.com,Male,173.62.99.120
215,Stanislaw,Dymock,sdymock5y@example.com,Polygender,231.134.31.16
216,Stephine,Spurman,sspurman5z@buzzfeed.com,Bigender,48.105.23.65
217,Maudie,Wetton,mwetton60@nyu.edu,Female,184.199.199.180
218,Danita,Pashler,dpashler61@reverbnation.com,Agender,0.40.68.214
219,Bibi,Mor,bmor62@ihg.com,Polygender,95.31.250.100
220,Kelci,Colchett,kcolchett63@instagram.com,Female,101.234.158.51
221,Kimmie,Queenborough,kqueenborough64@google.pl,Female,28.116.185.73
222,Shaun,McKeon,smckeon65@europa.eu,Genderfluid,179.21.54.80
223,Trenton,Norville,tnorville66@miibeian.gov.cn,Genderqueer,5.76.245.17
224,Joachim,Eccleston,jeccleston67@netlog.com,Non-binary,249.64.112.175
225,Consolata,Craigmyle,ccraigmyle68@tumblr.com,Non-binary,244.206.12.5
226,Arlette,Chatfield,achatfield69@barnesandnoble.com,Genderqueer,117.68.97.252
227,Abba,Roscam,aroscam6a@theguardian.com,Polygender,95.55.3.68
228,Shane,Kalf,skalf6b@paypal.com,Agender,198.83.3.170
229,Frederik,Garard,fgarard6c@ifeng.com,Genderqueer,63.68.186.53
230,Mitzi,Botfield,mbotfield6d@wunderground.com,Polygender,109.102.147.10
231,Sasha,Stode,sstode6e@angelfire.com,Polygender,48.160.68.13
232,Mariana,Walklett,mwalklett6f@cloudflare.com,Male,202.39.181.62
233,Raven,Carss,rcarss6g@comsenz.com,Non-binary,89.59.183.248
234,Rancell,Spandley,rspandley6h@tiny.cc,Polygender,200.219.152.139
235,Bernardina,De Domenico,bdedomenico6i@theatlantic.com,Genderfluid,95.185.0.191
236,Giraud,Bromwich,gbromwich6j@utexas.edu,Male,9.61.178.37
237,Cami,Rickard,crickard6k@slashdot.org,Genderqueer,114.206.136.138
238,Sheila,Anfonsi,sanfonsi6l@google.com.br,Genderqueer,201.75.49.114
239,Brandtr,Robeson,brobeson6m@nifty.com,Female,124.135.195.129
240,Anna-diana,McLauchlin,amclauchlin6n@ameblo.jp,Non-binary,96.225.77.13
241,Babara,Earwaker,bearwaker6o@yahoo.com,Bigender,231.143.17.124
242,Alta,Ivey,aivey6p@ow.ly,Genderfluid,45.203.218.188
243,Morgun,McAreavey,mmcareavey6q@europa.eu,Non-binary,59.45.251.69
244,Blondie,Shubotham,bshubotham6r@stanford.edu,Polygender,141.82.53.176
245,Tam,Rudolph,trudolph6s@wunderground.com,Polygender,94.180.41.191
246,Ketti,Fulleylove,kfulleylove6t@alibaba.com,Non-binary,93.72.195.95
247,Fabe,Riccard,friccard6u@guardian.co.uk,Polygender,47.36.21.61
248,Karolina,Filpo,kfilpo6v@blogtalkradio.com,Non-binary,18.7.140.125
249,Siegfried,Havock,shavock6w@google.cn,Agender,76.119.29.17
250,Audrye,Youles,ayoules6x@weibo.com,Non-binary,27.124.206.113
251,Vale,Hinkens,vhinkens6y@privacy.gov.au,Genderqueer,238.209.188.83
252,Bryce,Laurentin,blaurentin6z@tamu.edu,Polygender,75.59.98.134
253,Sabina,Sieghard,ssieghard70@baidu.com,Genderqueer,236.148.226.234
254,Idette,Stollberg,istollberg71@columbia.edu,Bigender,255.19.89.248
255,Odessa,Ridgers,oridgers72@howstuffworks.com,Agender,172.240.72.174
256,Sheffy,Lotwich,slotwich73@guardian.co.uk,Genderqueer,231.142.251.144
257,Rozelle,Esselin,resselin74@narod.ru,Genderqueer,188.134.160.133
258,Ellen,Genty,egenty75@lycos.com,Polygender,109.50.50.18
259,Opalina,Slaten,oslaten76@pagesperso-orange.fr,Genderfluid,103.14.12.8
260,Marji,Strangeway,mstrangeway77@biblegateway.com,Non-binary,178.96.204.112
261,Friedrick,Ellison,fellison78@earthlink.net,Female,219.240.32.232
262,Rodina,Eddowis,reddowis79@typepad.com,Non-binary,213.69.164.39
263,Karry,Marzelo,kmarzelo7a@jiathis.com,Female,127.111.139.205
264,Olenolin,Maine,omaine7b@paginegialle.it,Male,162.235.127.180
265,Hall,Brechin,hbrechin7c@amazon.com,Male,37.162.213.182
266,Rafaello,Stemp,rstemp7d@aol.com,Agender,205.112.99.240
267,Shannen,McHarry,smcharry7e@cnbc.com,Polygender,194.144.241.118
268,Dora,Candish,dcandish7f@alibaba.com,Non-binary,138.13.176.204
269,Madalyn,Audiss,maudiss7g@ow.ly,Female,240.225.254.216
270,Tamas,Orman,torman7h@ifeng.com,Genderfluid,137.168.5.83
271,Arin,Baskeyfield,abaskeyfield7i@squidoo.com,Polygender,246.137.150.0
272,Mahala,McLane,mmclane7j@linkedin.com,Polygender,121.128.147.162
273,Jessee,Waddoups,jwaddoups7k@chronoengine.com,Female,63.177.163.53
274,Katine,McClaughlin,kmcclaughlin7l@cnbc.com,Agender,193.24.255.30
275,Maurizio,Skiggs,mskiggs7m@vkontakte.ru,Female,103.192.14.101
276,Thaddus,Defont,tdefont7n@irs.gov,Female,73.119.245.12
277,Jock,Kruschov,jkruschov7o@elegantthemes.com,Female,97.87.187.193
278,Sherye,Peele,speele7p@pinterest.com,Genderqueer,214.94.73.236
279,Ninnette,Lamswood,nlamswood7q@hubpages.com,Agender,84.116.148.191
280,Randi,Trow,rtrow7r@wordpress.com,Agender,169.59.185.158
281,Marcille,Yarrington,myarrington7s@prlog.org,Female,90.93.221.50
282,Giacopo,Ghost,gghost7t@1und1.de,Genderfluid,58.200.71.97
283,Nanice,Givens,ngivens7u@redcross.org,Non-binary,154.191.61.141
284,Benni,Inder,binder7v@ihg.com,Agender,171.26.180.234
285,Jamil,Swyndley,jswyndley7w@state.tx.us,Non-binary,185.199.19.59
286,Ashlee,Chard,achard7x@ustream.tv,Bigender,133.97.214.163
287,Lianne,Taillard,ltaillard7y@buzzfeed.com,Non-binary,184.87.167.118
288,Roddie,Iannelli,riannelli7z@state.gov,Genderqueer,164.146.99.51
289,Claudie,Menghi,cmenghi80@auda.org.au,Polygender,218.74.50.203
290,Sybille,Midghall,smidghall81@bloglovin.com,Female,23.109.40.34
291,Gaspard,Skipping,gskipping82@guardian.co.uk,Agender,163.235.244.153
292,Reagen,Tebbet,rtebbet83@nytimes.com,Polygender,15.1.244.166
293,Stanislas,Lafayette,slafayette84@photobucket.com,Polygender,24.81.79.223
294,Ernestus,Eddins,eeddins85@joomla.org,Female,160.215.96.246
295,Siffre,Jasiak,sjasiak86@nba.com,Genderfluid,232.224.60.50
296,Romola,Grose,rgrose87@freewebs.com,Female,152.173.221.190
297,Francine,Syrie,fsyrie88@123-reg.co.uk,Polygender,156.33.167.154
298,Curt,Fleg,cfleg89@storify.com,Male,204.40.183.231
299,Carlotta,Landsberg,clandsberg8a@google.com.au,Non-binary,205.223.60.78
300,Janey,Vanderson,jvanderson8b@cisco.com,Female,230.79.124.87
301,Tressa,Hattiff,thattiff8c@github.io,Female,194.173.191.12
302,Gregory,Delieu,gdelieu8d@cisco.com,Agender,194.40.188.197
303,Dylan,Zamboniari,dzamboniari8e@columbia.edu,Male,211.166.150.235
304,Petronille,McCard,pmccard8f@geocities.com,Female,92.201.222.235
305,Aggy,Kubek,akubek8g@unicef.org,Female,44.238.40.241
306,Emmey,Ketch,eketch8h@elpais.com,Agender,120.122.171.44
307,Reagan,MacLardie,rmaclardie8i@sohu.com,Agender,37.131.127.249
308,Job,Hollerin,jhollerin8j@google.ru,Non-binary,132.34.175.211
309,Myrvyn,Vanichkin,mvanichkin8k@slideshare.net,Non-binary,183.149.11.29
310,Gaspard,Tarney,gtarney8l@desdev.cn,Genderqueer,226.110.171.166
311,Danny,Delbergue,ddelbergue8m@hp.com,Genderfluid,94.56.1.15
312,Alyss,Dowse,adowse8n@nifty.com,Non-binary,90.105.174.237
313,Aubrette,Sidery,asidery8o@blogger.com,Polygender,240.74.32.97
314,Malina,Benfell,mbenfell8p@dedecms.com,Bigender,112.167.122.107
315,Merv,Barrowcliff,mbarrowcliff8q@europa.eu,Non-binary,229.89.47.6
316,Dave,Rushton,drushton8r@statcounter.com,Genderqueer,176.145.184.49
317,Reggy,Batson,rbatson8s@columbia.edu,Polygender,41.182.224.151
318,Austen,Weigh,aweigh8t@tumblr.com,Non-binary,164.118.137.41
319,Clement,Basley,cbasley8u@illinois.edu,Agender,179.161.37.21
320,Whitby,Destouche,wdestouche8v@reference.com,Agender,143.193.178.194
321,Linnell,Valsler,lvalsler8w@vinaora.com,Polygender,121.171.117.66
322,Chad,Cochet,ccochet8x@naver.com,Genderfluid,202.119.181.140
323,Liam,Menure,lmenure8y@cpanel.net,Bigender,170.115.53.66
324,Bearnard,Janikowski,bjanikowski8z@economist.com,Non-binary,197.23.158.80
325,Micky,Aglione,maglione90@ycombinator.com,Polygender,182.36.139.124
326,Eda,Tomkinson,etomkinson91@mapquest.com,Male,65.205.140.194
327,Isidore,Clipson,iclipson92@ucsd.edu,Female,93.113.67.255
328,Avram,Quadrio,aquadrio93@springer.com,Genderqueer,246.197.158.156
329,Livy,D'Orsay,ldorsay94@naver.com,Non-binary,66.142.221.190
330,Janelle,Cuell,jcuell95@thetimes.co.uk,Genderqueer,219.73.235.48
331,Wash,Triner,wtriner96@fema.gov,Genderqueer,242.33.23.177
332,Hortensia,Venturoli,hventuroli97@sciencedaily.com,Bigender,54.148.188.135
333,Ethel,Mary,emary98@artisteer.com,Male,194.146.33.178
334,Revkah,Mepham,rmepham99@google.de,Male,190.213.167.151
335,Warner,Varlow,wvarlow9a@un.org,Polygender,90.167.198.37
336,Rupert,Burgwin,rburgwin9b@google.com,Female,138.115.89.105
337,Hulda,Faragher,hfaragher9c@bing.com,Genderfluid,230.23.27.153
338,Chester,McGing,cmcging9d@theatlantic.com,Bigender,218.175.153.157
339,Verne,Vaggers,vvaggers9e@nifty.com,Polygender,206.243.62.107
340,Hobie,Garfirth,hgarfirth9f@army.mil,Non-binary,202.99.177.191
341,Terrel,Rigg,trigg9g@4shared.com,Genderfluid,98.65.113.175
342,Orelie,Houlston,ohoulston9h@ask.com,Non-binary,210.28.219.56
343,Ricardo,Mattheeuw,rmattheeuw9i@ihg.com,Agender,106.142.231.25
344,Leola,Dudleston,ldudleston9j@jalbum.net,Bigender,184.226.2.245
345,Constantia,Chowne,cchowne9k@ucsd.edu,Polygender,208.121.66.55
346,Sandy,de Mullett,sdemullett9l@vistaprint.com,Polygender,58.21.124.182
347,Tessi,Flecknell,tflecknell9m@alexa.com,Agender,1.177.141.110
348,Binny,MacCostigan,bmaccostigan9n@soup.io,Non-binary,155.6.65.198
349,Amberly,Ferrao,aferrao9o@myspace.com,Male,72.35.7.21
350,Liane,Crayker,lcrayker9p@stumbleupon.com,Male,165.81.144.245
351,Kylynn,Saill,ksaill9q@businesswire.com,Non-binary,177.151.121.72
352,Durand,MacFaul,dmacfaul9r@cnbc.com,Male,19.245.47.42
353,Calypso,Bagg,cbagg9s@flavors.me,Male,211.39.239.166
354,Elyse,Nashe,enashe9t@vinaora.com,Genderfluid,240.121.99.253
355,Krisha,Geyton,kgeyton9u@geocities.com,Bigender,23.75.185.225
356,Niki,Wiffler,nwiffler9v@wsj.com,Female,125.27.43.8
357,Joyous,Dobbinson,jdobbinson9w@springer.com,Genderfluid,164.219.197.201
358,Meara,Barry,mbarry9x@theglobeandmail.com,Genderfluid,2.174.159.168
359,Winslow,Americi,wamerici9y@so-net.ne.jp,Bigender,51.101.196.159
360,Franky,Merdew,fmerdew9z@diigo.com,Genderqueer,147.14.2.117
361,Darn,Marriage,dmarriagea0@soup.io,Polygender,206.134.80.142
362,Ardyth,Dauber,adaubera1@t-online.de,Male,135.33.58.226
363,Haze,Fairnie,hfairniea2@omniture.com,Non-binary,190.130.241.161
364,Trescha,Mateu,tmateua3@ustream.tv,Male,112.182.179.193
365,Stafford,Janecek,sjaneceka4@squarespace.com,Bigender,80.147.58.15
366,Cleveland,Bacop,cbacopa5@zdnet.com,Polygender,64.121.69.193
367,Dottie,Gaynesford,dgaynesforda6@samsung.com,Non-binary,49.231.202.156
368,Emmy,Cossons,ecossonsa7@51.la,Agender,248.156.146.160
369,Thor,Denison,tdenisona8@tuttocitta.it,Genderfluid,134.150.110.255
370,Ciro,Lilion,cliliona9@xing.com,Agender,179.162.24.182
371,Debby,Goodwell,dgoodwellaa@taobao.com,Bigender,196.207.167.227
372,Boris,Boylin,bboylinab@ocn.ne.jp,Male,2.66.185.3
373,Nappy,Coulthard,ncoulthardac@slate.com,Female,59.27.39.80
374,Tamiko,Yansons,tyansonsad@jimdo.com,Male,32.90.5.222
375,Maurene,Bellringer,mbellringerae@etsy.com,Male,98.151.233.3
376,Jorge,April,japrilaf@latimes.com,Female,194.169.194.148
377,Ruth,Bradford,rbradfordag@adobe.com,Genderfluid,166.220.208.160
378,Adelina,Michallat,amichallatah@geocities.com,Bigender,104.5.39.122
379,Ad,Markson,amarksonai@disqus.com,Agender,72.0.5.57
380,Tito,Kleinhaut,tkleinhautaj@google.it,Female,198.35.239.78
381,Marthe,Epgrave,mepgraveak@baidu.com,Bigender,181.136.41.254
382,Nikolai,Janikowski,njanikowskial@photobucket.com,Male,51.216.63.112
383,Petronilla,Bourdas,pbourdasam@businesswire.com,Non-binary,35.40.214.107
384,Emmerich,Yurinov,eyurinovan@home.pl,Agender,204.210.100.202
385,Gerrilee,Craigheid,gcraigheidao@bloglovin.com,Genderqueer,49.219.117.119
386,Kelley,Stockley,kstockleyap@netvibes.com,Female,206.239.197.234
387,Zechariah,Pancoust,zpancoustaq@1688.com,Female,15.241.62.134
388,Derril,Harrod,dharrodar@economist.com,Agender,180.107.207.159
389,Brady,Chappell,bchappellas@foxnews.com,Agender,61.48.60.14
390,Celestine,Ormston,cormstonat@cmu.edu,Polygender,201.42.243.86
391,Christel,Feehely,cfeehelyau@redcross.org,Bigender,151.49.237.41
392,Obediah,Gebbie,ogebbieav@techcrunch.com,Non-binary,147.15.68.227
393,Lucias,Vuitton,lvuittonaw@yelp.com,Male,45.125.255.53
394,Cleveland,Hain,chainax@nifty.com,Polygender,5.5.27.240
395,Lloyd,Itzcovichch,litzcovichchay@elegantthemes.com,Non-binary,56.36.38.125
396,Fabe,Shotboult,fshotboultaz@unblog.fr,Polygender,88.46.182.116
397,Sammy,Witham,swithamb0@nba.com,Bigender,81.171.187.94
398,Bette,Dellenbrok,bdellenbrokb1@1688.com,Female,33.205.223.155
399,Agata,Vaskin,avaskinb2@cornell.edu,Polygender,43.160.250.100
400,Melisande,Blaze,mblazeb3@usda.gov,Male,22.218.112.85
401,Mufinella,Bowlas,mbowlasb4@behance.net,Non-binary,247.26.160.69
402,Dalt,Yglesia,dyglesiab5@imdb.com,Genderqueer,115.253.166.98
403,Savina,Camilio,scamiliob6@mapy.cz,Female,17.211.205.118
404,Penrod,Witchell,pwitchellb7@ustream.tv,Polygender,60.185.27.175
405,Bettina,Kynder,bkynderb8@rambler.ru,Bigender,212.44.147.189
406,Ferd,Goncalo,fgoncalob9@forbes.com,Female,32.190.222.250
407,Gretal,Fashion,gfashionba@youtube.com,Bigender,207.180.85.237
408,Misha,Filkin,mfilkinbb@comcast.net,Female,74.223.161.20
409,Hulda,Blance,hblancebc@qq.com,Bigender,233.165.133.231
410,Keen,Sheaber,ksheaberbd@com.com,Genderqueer,232.78.224.18
411,Evangeline,Giraldo,egiraldobe@arizona.edu,Female,164.244.39.123
412,Reynold,Morilla,rmorillabf@sogou.com,Male,10.150.90.225
413,Norah,Treverton,ntrevertonbg@simplemachines.org,Agender,11.23.43.184
414,Cathi,Springate,cspringatebh@scientificamerican.com,Genderqueer,155.119.215.63
415,Norene,Hurle,nhurlebi@youku.com,Non-binary,184.120.176.209
416,Bryanty,Boustead,bbousteadbj@ebay.com,Male,50.229.60.203
417,Peggi,Harrington,pharringtonbk@ovh.net,Agender,207.57.113.61
418,Eva,Elliot,eelliotbl@prweb.com,Female,32.149.69.68
419,Adolph,Surguine,asurguinebm@yellowpages.com,Non-binary,49.230.154.162
420,Eba,Shemmin,eshemminbn@cyberchimps.com,Non-binary,71.254.29.101
421,Lenette,Fairnie,lfairniebo@cargocollective.com,Genderfluid,234.176.150.215
422,Wesley,Alkins,walkinsbp@skype.com,Bigender,238.122.185.73
423,Alejandra,Robson,arobsonbq@goo.gl,Genderfluid,92.61.196.158
424,Roxanna,Manby,rmanbybr@hatena.ne.jp,Bigender,13.182.218.26
425,Laurianne,Heffernon,lheffernonbs@wunderground.com,Genderqueer,231.51.210.74
426,Fred,Adel,fadelbt@businessinsider.com,Bigender,201.209.49.32
427,Ian,Gransden,igransdenbu@cargocollective.com,Genderqueer,125.142.110.222
428,Constance,Routledge,croutledgebv@jimdo.com,Genderqueer,30.239.168.53
429,Lorene,Phillpot,lphillpotbw@mayoclinic.com,Genderfluid,201.33.42.230
430,Cole,Byllam,cbyllambx@github.com,Genderqueer,38.243.13.177
431,Ahmed,Rosso,arossoby@wufoo.com,Genderqueer,173.124.114.214
432,Eadie,Cordie,ecordiebz@who.int,Genderqueer,132.10.187.86
433,Toby,Cashman,tcashmanc0@google.com.br,Male,18.202.121.229
434,Eleanore,Bramall,ebramallc1@bluehost.com,Bigender,66.223.43.250
435,Talia,Garm,tgarmc2@cisco.com,Polygender,158.171.199.207
436,Orazio,Apark,oaparkc3@whitehouse.gov,Female,95.234.245.148
437,Mufinella,Cutten,mcuttenc4@w3.org,Female,169.52.55.22
438,Tyrus,Healey,thealeyc5@wikipedia.org,Agender,251.25.122.53
439,Mitzi,Littlejohn,mlittlejohnc6@booking.com,Genderfluid,58.220.111.52
440,Wit,Larvor,wlarvorc7@angelfire.com,Male,52.234.246.16
441,Michelle,Attock,mattockc8@chronoengine.com,Polygender,91.120.33.16
442,Coraline,Lamzed,clamzedc9@ehow.com,Non-binary,103.64.93.117
443,Davon,Prinn,dprinnca@kickstarter.com,Female,107.85.191.241
444,Marie-ann,Copello,mcopellocb@statcounter.com,Genderqueer,67.81.227.228
445,Thacher,Bartlomiejczyk,tbartlomiejczykcc@bloglines.com,Non-binary,63.165.90.114
446,Libbey,Cran,lcrancd@elpais.com,Non-binary,27.110.129.30
447,Vic,Beavis,vbeavisce@bizjournals.com,Male,128.216.123.50
448,Torrey,Wilmington,twilmingtoncf@harvard.edu,Genderqueer,228.175.56.111
449,Constantine,Monaghan,cmonaghancg@constantcontact.com,Genderqueer,103.40.114.12
450,Esdras,Lipgens,elipgensch@ft.com,Non-binary,21.155.207.105
451,Jethro,Wrist,jwristci@vkontakte.ru,Non-binary,45.199.237.182
452,Kimble,Harburtson,kharburtsoncj@slashdot.org,Genderqueer,246.72.64.167
453,Rivalee,Brimson,rbrimsonck@ebay.com,Genderfluid,153.21.23.234
454,Yance,Schoffel,yschoffelcl@gravatar.com,Genderqueer,68.28.212.136
455,Heloise,Helliar,hhelliarcm@fastcompany.com,Polygender,69.136.5.68
456,Anissa,Airey,aaireycn@businesswire.com,Agender,221.53.155.71
457,Friederike,Danby,fdanbyco@dmoz.org,Genderfluid,247.27.151.11
458,Anna,Taft,ataftcp@furl.net,Female,226.27.186.226
459,Yulma,Rosi,yrosicq@go.com,Genderfluid,231.140.167.51
460,Galven,Garratty,ggarrattycr@smugmug.com,Agender,168.147.60.44
461,Wandie,Danett,wdanettcs@altervista.org,Non-binary,22.250.246.62
462,Nappy,Yarrell,nyarrellct@cyberchimps.com,Agender,209.246.221.64
463,Tansy,Gowers,tgowerscu@printfriendly.com,Bigender,116.114.43.137
464,Ly,Balmann,lbalmanncv@zimbio.com,Polygender,33.120.1.105
465,Gigi,Yakubowicz,gyakubowiczcw@google.it,Female,37.5.57.216
466,Kally,Ewbach,kewbachcx@howstuffworks.com,Male,174.212.150.79
467,Allin,Lodwig,alodwigcy@posterous.com,Bigender,108.3.26.183
468,Karlen,Kisbey,kkisbeycz@twitter.com,Genderqueer,184.169.161.180
469,Rosalia,Challiss,rchallissd0@simplemachines.org,Genderfluid,106.13.42.213
470,Annamaria,Curzey,acurzeyd1@yahoo.com,Male,127.77.93.52
471,Carlita,Maciejak,cmaciejakd2@blogtalkradio.com,Non-binary,210.87.188.129
472,Mechelle,MacWhirter,mmacwhirterd3@newyorker.com,Polygender,23.155.168.177
473,Felipe,Hlavac,fhlavacd4@arstechnica.com,Bigender,246.195.52.21
474,Lucienne,Croce,lcroced5@symantec.com,Polygender,137.231.183.156
475,Humfried,Mayward,hmaywardd6@constantcontact.com,Agender,200.156.198.187
476,Katalin,Corkhill,kcorkhilld7@imgur.com,Agender,105.165.94.58
477,Papagena,Girardetti,pgirardettid8@icq.com,Genderfluid,231.43.201.168
478,Zebulon,Yablsley,zyablsleyd9@nyu.edu,Non-binary,67.102.138.83
479,Corey,Van De Cappelle,cvandecappelleda@etsy.com,Female,76.179.99.217
480,Hortensia,Kuhwald,hkuhwalddb@topsy.com,Male,103.70.70.226
481,Lev,Mc Ilory,lmcilorydc@nih.gov,Non-binary,89.130.4.93
482,Boonie,Farre,bfarredd@ca.gov,Genderqueer,246.141.126.66
483,Jessalin,Sherrington,jsherringtonde@unblog.fr,Genderfluid,171.42.75.134
484,Kitti,Scotsbrook,kscotsbrookdf@thetimes.co.uk,Non-binary,138.5.234.14
485,Phillis,Shaul,pshauldg@weibo.com,Bigender,203.173.96.248
486,Ethelyn,Zelake,ezelakedh@taobao.com,Male,62.146.79.146
487,Tallia,Procter,tprocterdi@g.co,Genderqueer,32.125.213.64
488,Lynn,Blincko,lblinckodj@flickr.com,Bigender,163.159.133.17
489,Reade,Ferrieroi,rferrieroidk@ow.ly,Bigender,14.217.120.92
490,Fernande,Trevethan,ftrevethandl@list-manage.com,Polygender,193.154.101.90
491,Justis,Monkman,jmonkmandm@nymag.com,Female,171.103.228.207
492,Fabe,Assiratti,fassirattidn@flickr.com,Male,253.29.99.23
493,Dianemarie,Iley,dileydo@abc.net.au,Bigender,99.47.111.79
494,Leia,Bardell,lbardelldp@princeton.edu,Agender,227.248.220.3
495,Reinold,Durdle,rdurdledq@pbs.org,Bigender,39.252.114.99
496,Moishe,Liddicoat,mliddicoatdr@behance.net,Genderqueer,46.155.182.198
497,Jan,Shafe,jshafeds@deliciousdays.com,Female,113.78.50.165
498,Gal,Hirche,ghirchedt@gov.uk,Female,242.185.255.30
499,Sandi,De Ruel,sderueldu@blog.com,Agender,216.65.124.0
500,Goober,Daw,gdawdv@globo.com,Non-binary,191.34.220.131
501,Katuscha,Chiechio,kchiechiodw@google.fr,Agender,224.196.240.3
502,Hewie,Willford,hwillforddx@sourceforge.net,Bigender,32.123.53.56
503,Rafaelita,Lezemere,rlezemeredy@nytimes.com,Agender,58.78.24.43
504,Cati,Brunicke,cbrunickedz@wikia.com,Bigender,180.168.24.223
505,Jessica,Jiroutek,jjirouteke0@jimdo.com,Agender,13.205.190.228
506,Amandi,Allawy,aallawye1@prlog.org,Non-binary,49.70.39.86
507,Mariquilla,Yeiles,myeilese2@washingtonpost.com,Polygender,209.83.173.59
508,Concettina,Skylett,cskylette3@mtv.com,Polygender,229.120.226.73
509,Eba,Mille,emillee4@mayoclinic.com,Bigender,81.203.62.166
510,Alyda,Autie,aautiee5@reference.com,Non-binary,177.127.129.218
511,Sapphira,Vannoort,svannoorte6@prweb.com,Genderqueer,85.159.215.209
512,Piggy,Laverock,plaverocke7@reuters.com,Genderqueer,135.127.42.130
513,Gael,Heimes,gheimese8@utexas.edu,Male,104.161.114.145
514,Margy,Glenton,mglentone9@microsoft.com,Genderqueer,87.34.46.31
515,Patsy,Willett,pwillettea@sourceforge.net,Bigender,90.174.194.246
516,Rodie,Basten,rbasteneb@de.vu,Female,121.216.5.205
517,Lynea,Brockherst,lbrockherstec@telegraph.co.uk,Genderfluid,255.18.173.23
518,Greggory,Alti,galtied@com.com,Agender,93.79.45.255
519,Otes,Orro,oorroee@godaddy.com,Genderqueer,199.16.13.112
520,Mischa,Shotbolt,mshotboltef@discovery.com,Non-binary,8.198.223.26
521,Laurette,McCurry,lmccurryeg@blogtalkradio.com,Male,251.133.238.141
522,Banky,Cuttle,bcuttleeh@theglobeandmail.com,Polygender,126.148.144.124
523,Noak,Hilhouse,nhilhouseei@stumbleupon.com,Female,92.191.116.26
524,Benjie,Pedler,bpedlerej@businessinsider.com,Male,237.173.129.8
525,Olva,Rushmare,orushmareek@stumbleupon.com,Genderfluid,30.82.90.9
526,Lona,MacAree,lmacareeel@jalbum.net,Female,43.160.11.249
527,Erie,Navein,enaveinem@rakuten.co.jp,Polygender,98.13.109.195
528,Hakeem,Adriani,hadrianien@columbia.edu,Polygender,189.143.113.44
529,Trever,Parsonson,tparsonsoneo@microsoft.com,Non-binary,202.245.209.51
530,Aridatha,Kinlock,akinlockep@qq.com,Agender,29.237.208.134
531,Nickola,Stanesby,nstanesbyeq@gravatar.com,Genderfluid,166.129.231.85
532,Tatum,Gencke,tgenckeer@facebook.com,Genderqueer,186.14.166.121
533,Zelma,McCurley,zmccurleyes@parallels.com,Agender,255.56.202.21
534,Natka,Fennessy,nfennessyet@japanpost.jp,Bigender,252.187.101.177
535,Neale,Humble,nhumbleeu@stanford.edu,Polygender,153.208.49.166
536,Car,Ewing,cewingev@angelfire.com,Non-binary,113.99.144.61
537,Gardie,Martell,gmartellew@issuu.com,Genderqueer,77.18.172.204
538,Diane-marie,Bunclark,dbunclarkex@gov.uk,Male,106.152.18.24
539,Tamra,Stonard,tstonardey@4shared.com,Male,231.193.246.78
540,Clem,Nevett,cnevettez@linkedin.com,Non-binary,224.42.237.116
541,Corie,Ranaghan,cranaghanf0@instagram.com,Polygender,69.168.122.13
542,Gwynne,Moynham,gmoynhamf1@drupal.org,Agender,136.21.141.121
543,Beatrice,Iorns,biornsf2@scribd.com,Genderfluid,225.145.10.84
544,Suzi,Josephi,sjosephif3@sun.com,Female,179.248.218.246
545,Sayre,Gerrad,sgerradf4@ft.com,Non-binary,49.209.73.230
546,Kriste,Speddin,kspeddinf5@bluehost.com,Genderqueer,131.20.238.254
547,Candra,Kenforth,ckenforthf6@cdbaby.com,Polygender,253.95.141.241
548,Grady,Tetsall,gtetsallf7@weibo.com,Genderqueer,176.248.85.67
549,Rozele,Kobelt,rkobeltf8@oaic.gov.au,Male,83.37.30.98
550,Ciel,Barajas,cbarajasf9@umich.edu,Genderqueer,191.236.33.180
551,Sancho,Crusham,scrushamfa@google.fr,Polygender,153.124.228.246
552,Filia,Doblin,fdoblinfb@github.com,Non-binary,49.119.181.70
553,Barn,Caps,bcapsfc@nba.com,Genderqueer,109.253.92.99
554,Johannes,Walbrook,jwalbrookfd@weibo.com,Genderqueer,137.69.93.174
555,Rossy,Maasz,rmaaszfe@cornell.edu,Genderfluid,0.117.44.76
556,Corrinne,Ching,cchingff@apache.org,Genderfluid,220.88.146.22
557,Diana,Vasilechko,dvasilechkofg@photobucket.com,Female,78.102.78.3
558,Allyn,Paget,apagetfh@wikia.com,Polygender,43.153.55.95
559,Irita,Cossell,icossellfi@amazonaws.com,Genderqueer,112.129.193.57
560,Powell,Rosenblatt,prosenblattfj@icq.com,Male,69.162.84.163
561,Alvan,Hug,ahugfk@tumblr.com,Bigender,5.25.243.139
562,Carita,Philimore,cphilimorefl@unc.edu,Genderqueer,84.83.209.60
563,Sauncho,Sammons,ssammonsfm@biblegateway.com,Female,244.229.78.98
564,Antonius,Dailly,adaillyfn@hubpages.com,Genderfluid,72.19.152.26
565,Nancie,Sauven,nsauvenfo@si.edu,Bigender,90.21.48.112
566,Ursuline,Itscowics,uitscowicsfp@house.gov,Non-binary,146.230.201.102
567,Mendy,Pappin,mpappinfq@liveinternet.ru,Male,12.54.45.47
568,Dulcine,Mounch,dmounchfr@hexun.com,Polygender,62.218.239.107
569,Waldo,Paragreen,wparagreenfs@imageshack.us,Polygender,181.76.47.133
570,Eba,Early,eearlyft@eepurl.com,Female,135.179.234.17
571,Manny,Cristoforo,mcristoforofu@amazonaws.com,Polygender,236.237.171.245
572,Griffin,Earland,gearlandfv@google.com.au,Bigender,96.207.70.212
573,Jae,Lowthorpe,jlowthorpefw@google.es,Agender,77.109.2.69
574,Jameson,Umpleby,jumplebyfx@360.cn,Genderqueer,27.252.76.73
575,Mendel,Scally,mscallyfy@myspace.com,Polygender,158.10.16.239
576,Leanor,Hovenden,lhovendenfz@amazon.de,Agender,230.41.49.92
577,Murray,McTrustrie,mmctrustrieg0@ovh.net,Genderqueer,17.32.234.181
578,Cesya,Jumonet,cjumonetg1@pbs.org,Non-binary,14.159.33.62
579,Beatriz,Lethem,blethemg2@dedecms.com,Non-binary,76.8.87.45
580,Milty,Wyeld,mwyeldg3@uiuc.edu,Bigender,169.112.101.145
581,Talbot,Klimkowski,tklimkowskig4@nymag.com,Polygender,74.64.213.219
582,Philip,De Courtney,pdecourtneyg5@forbes.com,Female,35.166.98.225
583,Melina,Proffitt,mproffittg6@shop-pro.jp,Polygender,82.165.177.227
584,Pearle,Biggans,pbiggansg7@discuz.net,Male,210.38.138.98
585,Allene,Shaplin,ashapling8@redcross.org,Genderqueer,254.125.118.218
586,Adelheid,Happs,ahappsg9@sakura.ne.jp,Female,221.88.138.28
587,Darill,De Witt,ddewittga@cmu.edu,Male,208.144.28.109
588,Dorothea,Milburn,dmilburngb@miitbeian.gov.cn,Polygender,195.121.118.247
589,Annalee,Radband,aradbandgc@unicef.org,Agender,150.116.159.66
590,Alleyn,Hebbes,ahebbesgd@oracle.com,Genderqueer,238.151.62.201
591,Charity,Simla,csimlage@reverbnation.com,Genderqueer,230.148.155.189
592,Maddi,Nigh,mnighgf@washingtonpost.com,Male,29.147.185.31
593,Engracia,Stollenwerck,estollenwerckgg@jugem.jp,Bigender,209.74.154.242
594,Drusi,Riding,dridinggh@ow.ly,Genderqueer,222.155.115.205
595,Susy,Ginni,sginnigi@dyndns.org,Agender,91.253.225.241
596,Faythe,Dowsing,fdowsinggj@statcounter.com,Polygender,155.218.62.182
597,Ravi,Feldhammer,rfeldhammergk@mail.ru,Polygender,241.5.190.140
598,Maddi,Priestland,mpriestlandgl@uol.com.br,Genderfluid,154.244.132.235
599,Creighton,Cowndley,ccowndleygm@sourceforge.net,Polygender,74.54.233.84
600,Theresita,Novkovic,tnovkovicgn@chicagotribune.com,Male,71.241.224.38
601,Meriel,Morford,mmorfordgo@weebly.com,Non-binary,248.172.207.175
602,Aleece,Rosbotham,arosbothamgp@reddit.com,Non-binary,223.62.208.17
603,Obie,Rose,orosegq@cam.ac.uk,Male,19.212.8.80
604,Sheridan,Malley,smalleygr@microsoft.com,Female,83.254.137.160
605,Thedrick,Pesselt,tpesseltgs@smugmug.com,Female,98.164.95.197
606,Darryl,Cubin,dcubingt@sitemeter.com,Bigender,228.72.124.28
607,Kassandra,Luggar,kluggargu@geocities.jp,Non-binary,125.163.175.183
608,Marcelline,Garralts,mgarraltsgv@cam.ac.uk,Female,103.100.21.85
609,Audrie,Skentelbury,askentelburygw@ihg.com,Polygender,143.180.247.227
610,Trey,See,tseegx@jiathis.com,Bigender,24.48.248.219
611,Sheelagh,Stuehmeier,sstuehmeiergy@vinaora.com,Polygender,153.125.223.160
612,Care,Korting,ckortinggz@artisteer.com,Polygender,55.253.0.97
613,Estrellita,Hazle,ehazleh0@mapy.cz,Non-binary,152.170.72.99
614,Ashby,Cumpsty,acumpstyh1@goo.ne.jp,Bigender,55.227.189.29
615,Bordy,Roizin,broizinh2@japanpost.jp,Bigender,233.71.239.226
616,Henrik,Kinsella,hkinsellah3@yahoo.co.jp,Agender,236.151.220.162
617,Odetta,Hakey,ohakeyh4@shinystat.com,Non-binary,255.22.161.242
618,Lebbie,Saunders,lsaundersh5@addthis.com,Polygender,119.213.185.152
619,Beverie,Winsome,bwinsomeh6@youtube.com,Polygender,200.29.254.110
620,Jilly,Shearston,jshearstonh7@chronoengine.com,Female,253.41.214.107
621,Kissie,Seawell,kseawellh8@thetimes.co.uk,Agender,59.212.67.45
622,Bibby,Brayshay,bbrayshayh9@mashable.com,Bigender,240.75.3.58
623,Brand,Canete,bcaneteha@si.edu,Genderqueer,139.23.196.194
624,Camel,Benne,cbennehb@sina.com.cn,Polygender,76.201.55.149
625,Jerrylee,Hanton,jhantonhc@4shared.com,Agender,201.19.240.156
626,Phyllis,Kitcat,pkitcathd@shop-pro.jp,Non-binary,150.143.149.153
627,Kelli,Olliver,kolliverhe@bigcartel.com,Male,78.61.252.56
628,Ana,Mirrlees,amirrleeshf@unblog.fr,Bigender,78.127.80.144
629,Birgit,Llorens,bllorenshg@geocities.com,Genderfluid,107.30.225.41
630,Rossy,Addlestone,raddlestonehh@t-online.de,Genderqueer,233.170.107.12
631,Blancha,Tredwell,btredwellhi@comsenz.com,Polygender,133.76.168.53
632,Jarrod,Farlam,jfarlamhj@hibu.com,Bigender,12.157.21.133
633,Antin,Sommerville,asommervillehk@a8.net,Non-binary,135.27.135.115
634,Ginelle,Bims,gbimshl@bloglovin.com,Male,62.17.245.40
635,Anastasie,Ashborne,aashbornehm@etsy.com,Female,230.111.234.89
636,Wren,Mountney,wmountneyhn@jugem.jp,Agender,200.136.69.109
637,Lilian,Norcross,lnorcrossho@theatlantic.com,Genderfluid,113.246.97.76
638,Ravi,Grzelczyk,rgrzelczykhp@google.it,Polygender,45.164.6.161
639,Lilly,Brumble,lbrumblehq@cloudflare.com,Agender,116.237.95.24
640,Leese,Cuddehy,lcuddehyhr@cbsnews.com,Genderfluid,132.90.15.251
641,Nan,Chimenti,nchimentihs@tumblr.com,Female,153.86.145.170
642,Cherrita,Bugby,cbugbyht@japanpost.jp,Genderfluid,84.246.144.66
643,Nettle,Guillot,nguillothu@reuters.com,Female,72.52.213.105
644,Jody,Farran,jfarranhv@vk.com,Genderfluid,110.148.233.137
645,Deeann,Towers,dtowershw@nasa.gov,Female,71.111.52.28
646,Darya,Willowby,dwillowbyhx@europa.eu,Agender,42.116.234.181
647,Benny,Huller,bhullerhy@patch.com,Genderfluid,12.184.174.210
648,Jessy,Robertucci,jrobertuccihz@aol.com,Bigender,205.87.108.12
649,Dexter,Bagnold,dbagnoldi0@archive.org,Bigender,159.223.145.229
650,Foss,De Gregorio,fdegregorioi1@friendfeed.com,Polygender,161.83.185.135
651,Serene,Pegden,spegdeni2@independent.co.uk,Bigender,132.253.60.194
652,Evyn,Farnhill,efarnhilli3@toplist.cz,Female,103.191.22.5
653,Xever,Lundbech,xlundbechi4@howstuffworks.com,Non-binary,183.253.163.29
654,Dirk,Albury,dalburyi5@eepurl.com,Male,65.80.114.185
655,Fernanda,Vany,fvanyi6@ft.com,Genderfluid,195.22.156.1
656,Ad,Cretney,acretneyi7@google.nl,Genderfluid,97.250.144.37
657,Corrie,Freak,cfreaki8@businesswire.com,Agender,212.79.6.233
658,Kit,De Wolfe,kdewolfei9@flickr.com,Polygender,34.216.108.171
659,Amabel,Longwood,alongwoodia@statcounter.com,Genderfluid,187.20.49.12
660,Penni,Langhorn,planghornib@latimes.com,Male,107.203.11.211
661,Orton,Stiffell,ostiffellic@nbcnews.com,Non-binary,126.222.223.29
662,Jennilee,Aird,jairdid@quantcast.com,Polygender,47.9.53.109
663,Ali,Ffoulkes,affoulkesie@ycombinator.com,Non-binary,61.210.95.48
664,Nicolai,Johansson,njohanssonif@cbc.ca,Bigender,57.186.180.117
665,Rachelle,Cuthbert,rcuthbertig@soup.io,Bigender,17.108.145.8
666,Ronda,Malletratt,rmalletrattih@independent.co.uk,Genderfluid,146.47.233.172
667,Gerick,Gilligan,ggilliganii@t.co,Genderqueer,207.249.183.37
668,Eva,Cokely,ecokelyij@tinypic.com,Genderfluid,155.165.234.98
669,Monah,Eynald,meynaldik@china.com.cn,Agender,230.41.98.248
670,Arden,Seeman,aseemanil@meetup.com,Agender,157.162.137.27
671,Aleda,Casazza,acasazzaim@answers.com,Genderfluid,0.189.246.189
672,Gearalt,Exer,gexerin@hexun.com,Agender,102.135.57.56
673,Catlaina,Sorton,csortonio@google.cn,Bigender,93.85.208.189
674,Cathi,Greenless,cgreenlessip@mapy.cz,Genderfluid,47.221.149.219
675,Lenee,Kristoffersson,lkristofferssoniq@bloglines.com,Non-binary,11.162.250.240
676,Simmonds,Collick,scollickir@theatlantic.com,Bigender,134.181.3.94
677,Evangelin,Wayte,ewayteis@vinaora.com,Polygender,28.170.146.163
678,Alwin,Willerson,awillersonit@google.es,Male,72.127.104.245
679,Cory,Cornew,ccornewiu@altervista.org,Genderqueer,52.162.207.48
680,Stewart,Dymoke,sdymokeiv@cnbc.com,Polygender,137.82.192.55
681,Oralla,Vouls,ovoulsiw@facebook.com,Genderqueer,0.81.4.146
682,King,Crosson,kcrossonix@telegraph.co.uk,Non-binary,232.184.96.42
683,Fergus,Misselbrook,fmisselbrookiy@wordpress.org,Agender,190.82.71.62
684,Pavla,McCloughen,pmcclougheniz@arizona.edu,Polygender,63.149.144.19
685,Tessi,Gronav,tgronavj0@123-reg.co.uk,Genderfluid,73.12.70.4
686,Clementine,McWhinnie,cmcwhinniej1@odnoklassniki.ru,Bigender,67.6.128.179
687,Catriona,Kitchen,ckitchenj2@aboutads.info,Non-binary,76.252.189.77
688,Hillard,Penman,hpenmanj3@timesonline.co.uk,Polygender,241.109.116.206
689,Giselle,Tomala,gtomalaj4@forbes.com,Male,129.123.77.151
690,Myrlene,End,mendj5@ted.com,Female,163.170.153.50
691,Gerome,Haggeth,ghaggethj6@php.net,Genderqueer,74.183.69.246
692,Tallia,Gilbart,tgilbartj7@delicious.com,Bigender,170.87.85.33
693,Spence,Tour,stourj8@constantcontact.com,Female,11.15.167.238
694,Florie,Leithgoe,fleithgoej9@baidu.com,Male,130.51.90.16
695,Moyra,Dwyr,mdwyrja@accuweather.com,Non-binary,120.43.122.127
696,Andromache,Defrain,adefrainjb@sitemeter.com,Female,133.171.143.6
697,Arlinda,Harwin,aharwinjc@chronoengine.com,Male,4.116.135.77
698,Immanuel,Palia,ipaliajd@miitbeian.gov.cn,Genderqueer,117.188.51.163
699,Johnath,Ovill,jovillje@wikispaces.com,Polygender,185.39.177.68
700,Shurwood,Bakhrushkin,sbakhrushkinjf@e-recht24.de,Genderfluid,42.112.51.81
701,Den,Mattiato,dmattiatojg@bizjournals.com,Female,50.167.241.183
702,Bertie,Murdy,bmurdyjh@dailymotion.com,Non-binary,243.37.9.84
703,Jakie,Marner,jmarnerji@mediafire.com,Agender,142.83.100.134
704,Mervin,Ivers,miversjj@example.com,Male,78.188.97.4
705,Christine,Jammet,cjammetjk@adobe.com,Female,59.216.133.73
706,Helaine,Marzele,hmarzelejl@mapquest.com,Polygender,190.144.11.150
707,Chariot,Cuerda,ccuerdajm@youtu.be,Bigender,166.158.12.208
708,Gayle,Sharper,gsharperjn@wix.com,Genderqueer,78.95.14.154
709,Benjamen,Dudding,bduddingjo@nasa.gov,Polygender,12.53.41.48
710,Sara-ann,Holt,sholtjp@arizona.edu,Non-binary,178.180.24.65
711,Krista,Eskrick,keskrickjq@chron.com,Bigender,116.161.66.235
712,Marillin,Skupinski,mskupinskijr@1688.com,Agender,92.245.247.250
713,Hernando,Tatford,htatfordjs@ning.com,Non-binary,122.241.156.13
714,Jasen,Juggings,jjuggingsjt@webeden.co.uk,Genderfluid,224.167.32.249
715,Lebbie,Zammitt,lzammittju@creativecommons.org,Male,63.40.34.108
716,Clemmy,Prestner,cprestnerjv@wunderground.com,Agender,151.191.200.201
717,Christophorus,Ellingford,cellingfordjw@biblegateway.com,Polygender,67.34.72.51
718,Orelle,Peggram,opeggramjx@virginia.edu,Agender,81.223.198.230
719,Goddart,Boss,gbossjy@sitemeter.com,Male,198.130.138.185
720,Cece,Gerauld,cgerauldjz@mashable.com,Male,17.117.5.155
721,Karin,Peattie,kpeattiek0@opensource.org,Genderfluid,79.187.143.62
722,Everard,Dunseath,edunseathk1@chicagotribune.com,Non-binary,114.156.92.27
723,Augustus,Viall,aviallk2@techcrunch.com,Genderfluid,52.116.181.192
724,Liesa,Seakes,lseakesk3@prlog.org,Genderqueer,31.156.201.12
725,Obadias,Hove,ohovek4@npr.org,Agender,188.140.217.122
726,Cirillo,Kirkpatrick,ckirkpatrickk5@prweb.com,Genderqueer,124.67.63.73
727,Ardyce,Jirousek,ajirousekk6@marriott.com,Genderfluid,247.31.215.99
728,Tybalt,Cubbino,tcubbinok7@businessinsider.com,Genderqueer,164.245.169.99
729,Marilyn,Greatland,mgreatlandk8@symantec.com,Polygender,99.174.126.73
730,Claude,Wrettum,cwrettumk9@google.it,Agender,182.82.128.14
731,Gaultiero,Elsley,gelsleyka@bravesites.com,Male,28.173.25.99
732,Analiese,Lisimore,alisimorekb@senate.gov,Genderqueer,77.224.243.81
733,Ramsay,McKyrrelly,rmckyrrellykc@angelfire.com,Agender,14.137.235.149
734,Renard,Chevins,rchevinskd@google.nl,Agender,192.31.21.235
735,Shayne,Bigland,sbiglandke@hostgator.com,Genderqueer,201.40.136.235
736,Doy,Challiner,dchallinerkf@gnu.org,Female,157.178.95.98
737,Melonie,Durnford,mdurnfordkg@arstechnica.com,Genderfluid,224.12.154.24
738,Midge,Barrack,mbarrackkh@csmonitor.com,Genderqueer,108.110.83.85
739,Cathi,Crus,ccruski@wp.com,Agender,18.105.40.3
740,Lorilee,Ivey,liveykj@marketwatch.com,Genderfluid,237.55.241.126
741,Elmira,Ringrose,eringrosekk@paginegialle.it,Female,142.100.29.195
742,Zak,Avrashin,zavrashinkl@flickr.com,Agender,75.248.166.8
743,Juli,Connealy,jconnealykm@patch.com,Bigender,81.38.69.237
744,Kori,Hockey,khockeykn@ehow.com,Agender,253.239.122.223
745,Corenda,Tills,ctillsko@sun.com,Agender,229.199.111.230
746,Geraldine,Seally,gseallykp@shop-pro.jp,Bigender,189.108.29.193
747,Sadye,Laite,slaitekq@princeton.edu,Non-binary,37.154.215.119
748,Ursulina,Lacer,ulacerkr@who.int,Male,111.100.211.51
749,Cathleen,Balam,cbalamks@dailymail.co.uk,Male,20.98.121.82
750,Tracie,Bragger,tbraggerkt@hubpages.com,Genderqueer,213.65.30.138
751,Amandi,White,awhiteku@nps.gov,Non-binary,150.17.113.167
752,Dmitri,Duigan,dduigankv@whitehouse.gov,Agender,237.227.89.131
753,Wallis,Ternouth,wternouthkw@friendfeed.com,Bigender,12.247.149.81
754,Kellia,Robelet,krobeletkx@techcrunch.com,Polygender,143.125.63.99
755,Pammi,Kiernan,pkiernanky@dmoz.org,Polygender,217.65.31.152
756,Abelard,Lys,alyskz@ocn.ne.jp,Polygender,229.8.52.24
757,Geralda,Spera,gsperal0@is.gd,Agender,160.208.154.191
758,Kayley,Lauthian,klauthianl1@toplist.cz,Polygender,54.138.222.23
759,Cherida,Phillcock,cphillcockl2@blog.com,Genderfluid,73.186.92.62
760,Aidan,Aleveque,aalevequel3@google.com.au,Genderqueer,21.118.92.122
761,Morgan,Giddings,mgiddingsl4@mozilla.org,Genderqueer,112.100.224.134
762,Olive,Bartusek,obartusekl5@addtoany.com,Bigender,19.175.249.215
763,Worden,Gaudin,wgaudinl6@uol.com.br,Polygender,193.10.9.240
764,Nicola,Shilling,nshillingl7@si.edu,Genderqueer,185.161.144.111
765,Sigrid,Wisniewski,swisniewskil8@wikia.com,Non-binary,105.69.114.11
766,Stafford,Mullan,smullanl9@last.fm,Polygender,144.20.235.122
767,Peterus,Grinham,pgrinhamla@acquirethisname.com,Female,32.14.145.107
768,Rhea,Pladen,rpladenlb@csmonitor.com,Genderqueer,127.227.80.171
769,Natty,Adamsson,nadamssonlc@ustream.tv,Genderqueer,155.64.66.127
770,Maxi,Fiddymont,mfiddymontld@google.de,Female,159.204.174.125
771,Boris,Krzyzanowski,bkrzyzanowskile@spiegel.de,Agender,59.58.247.109
772,Branden,Schirak,bschiraklf@usgs.gov,Polygender,148.224.135.22
773,Kenna,Kremer,kkremerlg@sohu.com,Genderfluid,122.32.5.51
774,Seward,Cockburn,scockburnlh@marriott.com,Bigender,134.91.199.232
775,Crissy,Hubach,chubachli@people.com.cn,Polygender,12.111.137.186
776,Hy,Whittek,hwhitteklj@wired.com,Male,197.83.213.118
777,Charity,Smeuin,csmeuinlk@webs.com,Agender,228.1.207.14
778,Brier,Cicconetti,bcicconettill@tiny.cc,Polygender,211.214.251.239
779,Roda,State,rstatelm@fema.gov,Non-binary,48.204.219.76
780,Silvain,Spalton,sspaltonln@microsoft.com,Genderfluid,241.214.243.157
781,Cris,Farrar,cfarrarlo@yale.edu,Bigender,189.50.193.40
782,Kimmie,Buttery,kbutterylp@pbs.org,Agender,121.110.46.91
783,Marybeth,Lavrick,mlavricklq@ibm.com,Male,142.194.51.248
784,Sibyl,Gallant,sgallantlr@canalblog.com,Bigender,91.42.107.143
785,Gwyn,Parcells,gparcellsls@ibm.com,Bigender,23.50.177.40
786,Carmen,St. Paul,cstpaullt@wired.com,Genderqueer,253.24.156.50
787,Sarah,Tommasi,stommasilu@mediafire.com,Non-binary,233.251.215.0
788,Ardene,Torrese,atorreselv@google.co.uk,Male,197.186.87.62
789,Nita,Gleadhell,ngleadhelllw@bing.com,Bigender,77.95.110.28
790,Terrence,Klossmann,tklossmannlx@jugem.jp,Non-binary,43.133.154.141
791,Berget,Ivanuschka,bivanuschkaly@instagram.com,Male,235.11.217.63
792,Duky,Ioannidis,dioannidislz@hubpages.com,Bigender,89.125.194.220
793,Traci,Bogie,tbogiem0@ft.com,Non-binary,75.49.23.110
794,Michal,Winn,mwinnm1@icq.com,Agender,246.196.45.153
795,Tommy,Shadfourth,tshadfourthm2@merriam-webster.com,Genderfluid,181.184.118.227
796,Yale,Pabst,ypabstm3@creativecommons.org,Agender,5.193.37.7
797,Aime,Painswick,apainswickm4@cisco.com,Non-binary,197.59.99.115
798,Lauryn,Walklate,lwalklatem5@hostgator.com,Female,189.148.239.55
799,Jessamine,Barnwall,jbarnwallm6@over-blog.com,Male,63.236.26.139
800,Mohammed,Ravilious,mraviliousm7@globo.com,Non-binary,235.120.255.244
801,Keith,Blackford,kblackfordm8@google.com.au,Agender,70.202.75.63
802,Ilsa,Kunkler,ikunklerm9@virginia.edu,Bigender,90.61.41.13
803,Malissia,Stedson,mstedsonma@craigslist.org,Genderqueer,162.91.24.29
804,Sosanna,Duckett,sduckettmb@yellowpages.com,Genderqueer,104.137.125.123
805,Julianna,Harback,jharbackmc@bizjournals.com,Polygender,70.6.179.82
806,Sullivan,Couttes,scouttesmd@bing.com,Bigender,142.154.250.192
807,Berte,McGarrell,bmcgarrellme@nature.com,Female,157.58.163.233
808,Fancy,Bonnor,fbonnormf@behance.net,Bigender,64.166.56.5
809,Pearline,Crown,pcrownmg@fastcompany.com,Non-binary,33.185.27.248
810,Ivonne,Bourne,ibournemh@sourceforge.net,Bigender,206.88.60.42
811,Tonnie,Sneath,tsneathmi@cmu.edu,Bigender,118.229.237.170
812,Sheff,Cruikshanks,scruikshanksmj@bravesites.com,Genderfluid,106.100.138.155
813,Virgina,Tolumello,vtolumellomk@phoca.cz,Agender,163.145.38.35
814,Dionne,Pressland,dpresslandml@jiathis.com,Agender,157.150.8.161
815,Barbara,Bridgman,bbridgmanmm@smugmug.com,Agender,173.72.113.157
816,Crissie,Tickle,cticklemn@intel.com,Male,64.243.154.10
817,Gabi,Ketch,gketchmo@businessinsider.com,Male,168.232.191.200
818,Teddi,Paylor,tpaylormp@ebay.co.uk,Genderqueer,96.127.235.86
819,Leonelle,Simants,lsimantsmq@pinterest.com,Genderqueer,159.241.251.205
820,Geneva,Boyne,gboynemr@ycombinator.com,Male,222.21.62.16
821,Chelsae,Ivanov,civanovms@artisteer.com,Genderfluid,51.30.41.147
822,Darda,Bushe,dbushemt@jugem.jp,Agender,195.193.102.88
823,Joshuah,Towl,jtowlmu@cnet.com,Non-binary,168.220.16.6
824,Filbert,Trengrove,ftrengrovemv@mlb.com,Agender,153.81.144.75
825,Ines,Dat,idatmw@plala.or.jp,Bigender,84.198.75.152
826,Donovan,Hartshorn,dhartshornmx@alibaba.com,Bigender,114.172.62.70
827,Kelli,Riordan,kriordanmy@newsvine.com,Male,190.186.207.253
828,Tan,Adacot,tadacotmz@europa.eu,Genderqueer,157.191.218.211
829,Kathie,Safont,ksafontn0@blogs.com,Genderqueer,10.5.149.62
830,Savina,Edgeller,sedgellern1@ox.ac.uk,Genderqueer,47.10.138.100
831,Sada,Sinderland,ssinderlandn2@constantcontact.com,Agender,149.147.216.27
832,Dominique,Cornick,dcornickn3@diigo.com,Polygender,55.67.165.188
833,Catharine,Hayselden,chayseldenn4@unc.edu,Genderqueer,122.167.110.40
834,Elisa,Horrod,ehorrodn5@webeden.co.uk,Agender,13.186.200.237
835,Clo,Stango,cstangon6@unblog.fr,Non-binary,157.16.172.162
836,Lavinia,Ballendine,lballendinen7@google.co.uk,Genderqueer,211.189.202.2
837,Jeth,Freeberne,jfreebernen8@altervista.org,Non-binary,154.49.63.125
838,Abbie,Norville,anorvillen9@cbsnews.com,Agender,84.92.180.77
839,Marleah,Lehrmann,mlehrmannna@pinterest.com,Polygender,29.99.46.60
840,Kristi,Schermick,kschermicknb@techcrunch.com,Bigender,164.166.146.33
841,Odo,Jilkes,ojilkesnc@thetimes.co.uk,Non-binary,143.62.232.217
842,Derby,Towner,dtownernd@dell.com,Genderqueer,19.68.110.30
843,Matteo,Cristofanini,mcristofaninine@cnbc.com,Genderqueer,108.19.101.6
844,Dody,Gelderd,dgelderdnf@exblog.jp,Genderqueer,42.172.46.78
845,Saloma,Roebuck,sroebuckng@rediff.com,Female,145.196.251.50
846,Ranna,Barti,rbartinh@newyorker.com,Non-binary,78.213.13.48
847,Inna,Dailly,idaillyni@goo.ne.jp,Genderfluid,126.70.49.169
848,Daryn,Mitchel,dmitchelnj@usgs.gov,Bigender,17.67.118.131
849,Vale,Bandt,vbandtnk@ifeng.com,Genderqueer,113.145.16.245
850,Gilburt,Held,gheldnl@acquirethisname.com,Bigender,118.136.107.2
851,Samantha,Pleavin,spleavinnm@cam.ac.uk,Female,222.111.61.200
852,Darsey,Avramovich,davramovichnn@networksolutions.com,Agender,70.196.108.71
853,Miranda,Le land,mlelandno@list-manage.com,Genderqueer,75.146.99.162
854,Josey,Hug,jhugnp@ed.gov,Polygender,139.59.106.160
855,April,Lane,alanenq@hibu.com,Polygender,129.216.159.248
856,Lynea,Ickovicz,lickovicznr@unblog.fr,Bigender,32.186.11.167
857,Cyrillus,Hawtin,chawtinns@wordpress.com,Agender,243.144.32.181
858,Adham,Walentynowicz,awalentynowicznt@lycos.com,Genderfluid,234.176.5.231
859,Sherline,Lavrick,slavricknu@gmpg.org,Polygender,94.49.46.165
860,Wynny,Girling,wgirlingnv@godaddy.com,Genderfluid,63.121.244.113
861,Gussi,Hourston,ghourstonnw@netlog.com,Female,16.119.34.191
862,Regina,Renachowski,rrenachowskinx@google.de,Bigender,2.125.98.171
863,Reinhold,Speddin,rspeddinny@arizona.edu,Female,227.149.173.178
864,Sibylla,Sicily,ssicilynz@vistaprint.com,Polygender,253.34.225.241
865,Pippa,Gallanders,pgallanderso0@csmonitor.com,Agender,8.79.240.31
866,Deidre,Searby,dsearbyo1@technorati.com,Polygender,26.231.184.119
867,Jaquith,Walkley,jwalkleyo2@symantec.com,Male,162.128.215.206
868,Benedict,Pittwood,bpittwoodo3@cyberchimps.com,Genderqueer,70.147.174.135
869,Baron,Breissan,bbreissano4@comsenz.com,Bigender,51.31.30.177
870,Hailee,Simpole,hsimpoleo5@abc.net.au,Bigender,1.51.210.182
871,Colleen,Sapwell,csapwello6@dot.gov,Genderqueer,207.135.7.254
872,Marsiella,Aird,mairdo7@yale.edu,Female,66.126.159.26
873,Clyde,Haile,chaileo8@wikimedia.org,Agender,218.96.50.179
874,Tiffanie,Latta,tlattao9@360.cn,Genderfluid,126.170.205.239
875,Elfrieda,Stooke,estookeoa@dmoz.org,Genderfluid,153.155.117.75
876,Homere,Decourcy,hdecourcyob@geocities.jp,Polygender,156.106.185.87
877,Vittoria,Rigbye,vrigbyeoc@storify.com,Female,255.214.93.100
878,Phillipe,Hunter,phunterod@nba.com,Non-binary,155.52.6.89
879,Corinna,Romanelli,cromanellioe@altervista.org,Polygender,86.62.193.234
880,Karney,Chetham,kchethamof@cmu.edu,Bigender,132.124.149.123
881,Chickie,Crutchley,ccrutchleyog@typepad.com,Male,232.245.203.9
882,Addia,Showler,ashowleroh@purevolume.com,Non-binary,165.199.224.77
883,Shermie,Abys,sabysoi@auda.org.au,Polygender,171.69.80.139
884,Phoebe,Mecozzi,pmecozzioj@gnu.org,Polygender,195.168.98.189
885,Collie,Benam,cbenamok@ow.ly,Agender,127.175.184.4
886,Chicky,Deuss,cdeussol@xing.com,Agender,192.97.11.72
887,Iris,Van Arsdall,ivanarsdallom@bloglovin.com,Female,56.201.156.7
888,Filippa,Heaphy,fheaphyon@homestead.com,Female,197.128.130.55
889,Allard,Olczak,aolczakoo@ebay.co.uk,Non-binary,212.231.95.84
890,Auria,Sankey,asankeyop@techcrunch.com,Female,224.14.107.150
891,Nevins,Parkman,nparkmanoq@harvard.edu,Bigender,244.209.21.238
892,Karlyn,Faireclough,kfairecloughor@nsw.gov.au,Genderfluid,163.247.254.239
893,Curr,Souster,csousteros@pagesperso-orange.fr,Agender,69.136.230.31
894,Maurits,Fozzard,mfozzardot@wired.com,Genderfluid,101.128.169.143
895,Doralynn,March,dmarchou@about.com,Genderqueer,195.56.243.63
896,Antonie,Millett,amillettov@buzzfeed.com,Agender,100.225.52.251
897,Halsy,Knudsen,hknudsenow@flavors.me,Genderfluid,23.55.118.148
898,Yule,Elstone,yelstoneox@blogger.com,Non-binary,180.90.238.218
899,Salomon,Dyzart,sdyzartoy@salon.com,Bigender,201.0.56.191
900,Guinevere,Sergeant,gsergeantoz@surveymonkey.com,Male,162.167.120.200
901,Vaughan,Gwilt,vgwiltp0@typepad.com,Male,195.116.69.108
902,Jemima,Barreau,jbarreaup1@vkontakte.ru,Male,38.119.23.183
903,Klemens,Hlavac,khlavacp2@techcrunch.com,Genderfluid,13.109.132.244
904,Yelena,Varley,yvarleyp3@slideshare.net,Polygender,41.250.134.197
905,Taber,Gravenell,tgravenellp4@sun.com,Polygender,8.34.242.48
906,Ricki,Tringham,rtringhamp5@blogtalkradio.com,Genderfluid,134.253.205.230
907,Chris,McGloin,cmcgloinp6@tinypic.com,Genderqueer,181.225.122.68
908,Mollee,Bonnick,mbonnickp7@ustream.tv,Non-binary,227.206.225.153
909,Any,Lacer,alacerp8@yahoo.co.jp,Bigender,240.45.139.233
910,Jsandye,Icom,jicomp9@sfgate.com,Male,86.94.69.235
911,Lora,Klees,lkleespa@wired.com,Male,69.180.37.211
912,Daryl,Cornbill,dcornbillpb@oaic.gov.au,Polygender,169.0.73.62
913,Paulina,Mcasparan,pmcasparanpc@arstechnica.com,Genderfluid,75.245.122.170
914,Jenda,Ishaki,jishakipd@scientificamerican.com,Polygender,223.233.140.241
915,Mabelle,Skeene,mskeenepe@yandex.ru,Female,249.75.122.226
916,Gilburt,Strathe,gstrathepf@storify.com,Genderqueer,25.201.28.102
917,Ashla,Bigham,abighampg@dell.com,Male,203.247.223.239
918,Bron,Squirrel,bsquirrelph@wufoo.com,Male,130.239.71.96
919,Virgie,Exall,vexallpi@joomla.org,Female,8.198.233.186
920,Matthias,Milborn,mmilbornpj@wsj.com,Polygender,234.214.47.240
921,Fitz,Cuell,fcuellpk@cisco.com,Non-binary,240.73.138.174
922,Jasmina,Camilli,jcamillipl@webnode.com,Bigender,85.234.243.184
923,Ashlan,Nitto,anittopm@toplist.cz,Genderqueer,70.14.127.73
924,Kay,Nickols,knickolspn@virginia.edu,Female,21.197.131.202
925,Stinky,Kreuzer,skreuzerpo@hostgator.com,Genderfluid,249.142.249.246
926,Burr,O'Dare,bodarepp@free.fr,Agender,238.245.176.195
927,Brigitte,Jenner,bjennerpq@51.la,Non-binary,255.205.100.135
928,Gardiner,Trask,gtraskpr@google.cn,Genderqueer,176.172.201.1
929,Anallese,Antony,aantonyps@rambler.ru,Genderqueer,130.158.115.84
930,Lissi,Groombridge,lgroombridgept@scientificamerican.com,Male,5.130.240.48
931,Dinah,Pack,dpackpu@yale.edu,Bigender,205.124.97.186
932,Wyn,Raft,wraftpv@admin.ch,Genderqueer,143.188.181.237
933,Herman,Moisey,hmoiseypw@usnews.com,Genderfluid,138.171.47.195
934,Bianka,Pendre,bpendrepx@craigslist.org,Non-binary,197.174.217.174
935,Maura,Gerhardt,mgerhardtpy@omniture.com,Agender,94.137.188.115
936,Josee,Beardwell,jbeardwellpz@boston.com,Non-binary,111.80.199.208
937,Dominga,Absolem,dabsolemq0@dailymotion.com,Female,247.175.104.176
938,Worden,Fitchet,wfitchetq1@multiply.com,Polygender,8.82.121.115
939,Tobie,Bamlet,tbamletq2@arizona.edu,Polygender,161.91.107.166
940,Farand,Neate,fneateq3@gravatar.com,Female,97.253.203.56
941,Dacie,Puig,dpuigq4@cpanel.net,Non-binary,88.83.196.45
942,Faber,Paine,fpaineq5@clickbank.net,Male,249.14.250.62
943,Flem,Zanettini,fzanettiniq6@opera.com,Polygender,201.46.156.146
944,Brinna,Bridgett,bbridgettq7@smh.com.au,Male,79.77.118.255
945,Grazia,Utting,guttingq8@canalblog.com,Genderqueer,233.147.199.183
946,Ikey,Orwin,iorwinq9@dyndns.org,Bigender,112.97.140.14
947,Emmi,Ackeroyd,eackeroydqa@goo.ne.jp,Genderqueer,247.55.36.57
948,Ahmed,Rubenchik,arubenchikqb@springer.com,Genderqueer,85.167.197.116
949,Glyn,Armfield,garmfieldqc@multiply.com,Bigender,247.76.222.5
950,Kettie,Kirkhouse,kkirkhouseqd@rambler.ru,Polygender,54.124.220.43
951,Brittne,Izachik,bizachikqe@ca.gov,Genderqueer,249.137.197.235
952,Merl,Richten,mrichtenqf@canalblog.com,Agender,206.169.239.116
953,Albrecht,Bonn,abonnqg@accuweather.com,Agender,48.78.58.67
954,Sauncho,Hegden,shegdenqh@va.gov,Polygender,145.201.243.23
955,Reed,Diviny,rdivinyqi@elpais.com,Non-binary,150.184.0.102
956,Jacquelin,Dommerque,jdommerqueqj@nasa.gov,Non-binary,105.37.60.186
957,Eric,Bigby,ebigbyqk@intel.com,Polygender,248.113.176.224
958,Cosimo,Ganing,cganingql@biblegateway.com,Polygender,85.233.198.113
959,Winnie,Boreland,wborelandqm@furl.net,Bigender,45.29.62.218
960,Clio,Renowden,crenowdenqn@skyrock.com,Bigender,90.39.87.105
961,Oswell,Escreet,oescreetqo@miibeian.gov.cn,Genderqueer,216.21.206.73
962,Colly,Fencott,cfencottqp@stanford.edu,Bigender,243.190.183.20
963,Valery,McKibben,vmckibbenqq@china.com.cn,Non-binary,41.54.156.172
964,Carlin,Ludovico,cludovicoqr@home.pl,Female,18.90.238.193
965,Angil,Felmingham,afelminghamqs@youtu.be,Female,46.212.143.21
966,Keenan,Vasilyev,kvasilyevqt@google.fr,Non-binary,231.8.124.221
967,Maribeth,Gheeorghie,mgheeorghiequ@altervista.org,Polygender,134.112.160.96
968,Ula,Bugler,ubuglerqv@i2i.jp,Bigender,219.48.200.230
969,Conway,Dorow,cdorowqw@bloglines.com,Agender,23.69.184.149
970,Sharai,Cummings,scummingsqx@illinois.edu,Male,154.44.121.55
971,Joellyn,Ferry,jferryqy@flickr.com,Agender,93.148.46.58
972,Camilla,Santori,csantoriqz@tinyurl.com,Agender,190.226.137.185
973,Broderick,Basley,bbasleyr0@slate.com,Bigender,192.159.248.175
974,Hillary,Delafoy,hdelafoyr1@europa.eu,Male,227.208.65.60
975,Phyllida,Loody,ploodyr2@cbsnews.com,Male,129.155.72.190
976,Rudie,Iseton,risetonr3@house.gov,Genderfluid,248.205.85.148
977,Manuel,Rushman,mrushmanr4@dailymail.co.uk,Bigender,255.199.216.148
978,Romain,De la Barre,rdelabarrer5@indiegogo.com,Genderqueer,183.229.199.158
979,Aime,Dillingham,adillinghamr6@people.com.cn,Polygender,227.27.113.112
980,Ruy,Peniello,rpeniellor7@pinterest.com,Polygender,70.41.75.182
981,Rouvin,Tarver,rtarverr8@ezinearticles.com,Genderqueer,251.88.177.13
982,Care,Jeffes,cjeffesr9@umn.edu,Bigender,229.193.193.176
983,Helaina,Rosenwald,hrosenwaldra@prlog.org,Genderfluid,154.150.252.237
984,Kriste,Glennon,kglennonrb@youtu.be,Polygender,129.224.152.39
985,Julianne,Pavese,jpaveserc@tripod.com,Female,136.231.214.233
986,Drusy,Saggs,dsaggsrd@amazon.com,Female,238.233.3.36
987,Godiva,Volante,gvolantere@alexa.com,Male,46.47.21.211
988,Rafaello,Haselhurst,rhaselhurstrf@imdb.com,Male,23.110.87.215
989,Minnnie,Blaschke,mblaschkerg@opera.com,Agender,156.112.174.74
990,Kimbra,Spehr,kspehrrh@arizona.edu,Female,226.16.252.169
991,Melba,Lintin,mlintinri@bing.com,Genderfluid,137.197.65.69
992,Gui,Addenbrooke,gaddenbrookerj@github.com,Female,125.242.207.126
993,Annalise,Matuszewski,amatuszewskirk@mtv.com,Polygender,187.253.46.39
994,Hube,Haburne,hhaburnerl@disqus.com,Female,8.123.117.189
995,Izabel,Molyneaux,imolyneauxrm@issuu.com,Male,250.164.223.128
996,Ilysa,Pracy,ipracyrn@home.pl,Genderfluid,197.190.234.6
997,Mart,Cressingham,mcressinghamro@admin.ch,Agender,201.7.63.92
998,Fabe,McBoyle,fmcboylerp@narod.ru,Agender,146.198.210.65
999,Rozalie,Ratke,rratkerq@businessinsider.com,Bigender,197.146.127.124
1000,Mary,Parysowna,mparysownarr@dell.com,Genderqueer,41.5.167.154
